# ************************************************************
# Sequel Pro SQL dump
# Version 4135
#
# http://www.sequelpro.com/
# http://code.google.com/p/sequel-pro/
#
# Host: 127.0.0.1 (MySQL 5.5.34)
# Database: monitordb
# Generation Time: 2014-12-08 08:07:13 +0000
# ************************************************************


/*!40101 SET @OLD_CHARACTER_SET_CLIENT=@@CHARACTER_SET_CLIENT */;
/*!40101 SET @OLD_CHARACTER_SET_RESULTS=@@CHARACTER_SET_RESULTS */;
/*!40101 SET @OLD_COLLATION_CONNECTION=@@COLLATION_CONNECTION */;
/*!40101 SET NAMES utf8 */;
/*!40014 SET @OLD_FOREIGN_KEY_CHECKS=@@FOREIGN_KEY_CHECKS, FOREIGN_KEY_CHECKS=0 */;
/*!40101 SET @OLD_SQL_MODE=@@SQL_MODE, SQL_MODE='NO_AUTO_VALUE_ON_ZERO' */;
/*!40111 SET @OLD_SQL_NOTES=@@SQL_NOTES, SQL_NOTES=0 */;


# Dump of table subTask
# ------------------------------------------------------------

DROP TABLE IF EXISTS `subTask`;

CREATE TABLE `subTask` (
  `subTaskID` int(11) unsigned NOT NULL AUTO_INCREMENT,
  `taskID` int(10) unsigned NOT NULL,
  `subTaskName` varchar(255) NOT NULL DEFAULT '',
  `subTaskNumber` int(11) DEFAULT NULL,
  PRIMARY KEY (`subTaskID`),
  KEY `taskID` (`taskID`),
  CONSTRAINT `subtask_ibfk_1` FOREIGN KEY (`taskID`) REFERENCES `task` (`taskID`) ON DELETE CASCADE
) ENGINE=InnoDB DEFAULT CHARSET=latin1;

LOCK TABLES `subTask` WRITE;
/*!40000 ALTER TABLE `subTask` DISABLE KEYS */;

INSERT INTO `subTask` (`subTaskID`, `taskID`, `subTaskName`, `subTaskNumber`)
VALUES
	(1,44,'Roofing',NULL),
	(2,44,'Chasing/Conduit',NULL),
	(3,44,'Plastering (Internal/External)',NULL),
	(4,44,'Glazing',NULL),
	(5,44,'Carpentry',NULL),
	(6,44,'Ceiling',NULL),
	(7,44,'Plumbing',NULL),
	(8,44,'Electrical',NULL),
	(9,44,'Painting (Internal/External)',NULL),
	(10,44,'Solar Geyser',NULL),
	(11,45,'Remove Rubble',1),
	(12,45,'Ship Rubble To Dump',2),
	(13,45,'Get Clearance Certificate',3),
	(14,45,'The End',4),
	(15,46,'Call Beneficiary',1),
	(16,46,'Handover Ceremony',2),
	(17,45,'The Sequel Begins',5),
	(18,43,'Window Height Walls',1),
	(19,43,'Window Frame Installed',2),
	(20,43,'Door Frames Installed',3),
	(21,43,'Roof Height Walls Complete',4),
	(22,43,'Get Engineer Inspection',5),
	(23,47,'Sub Task Numero Uno',1),
	(24,47,'Sub Task Numero Zwei',2);

/*!40000 ALTER TABLE `subTask` ENABLE KEYS */;
UNLOCK TABLES;


# Dump of table subTaskStatus
# ------------------------------------------------------------

DROP TABLE IF EXISTS `subTaskStatus`;

CREATE TABLE `subTaskStatus` (
  `subTaskStatusID` int(11) unsigned NOT NULL AUTO_INCREMENT,
  `subTaskID` int(10) unsigned DEFAULT NULL,
  `companyStaffID` int(10) unsigned DEFAULT NULL,
  `taskStatusID` int(10) unsigned DEFAULT NULL,
  `statusDate` datetime DEFAULT NULL,
  `dateUpdated` datetime DEFAULT NULL,
  `projectSiteTaskStatusID` int(10) unsigned DEFAULT NULL,
  PRIMARY KEY (`subTaskStatusID`),
  KEY `subTaskID` (`subTaskID`),
  KEY `companyStaffID` (`companyStaffID`),
  KEY `taskStatusID` (`taskStatusID`),
  KEY `projectSiteTaskStatusID` (`projectSiteTaskStatusID`),
  CONSTRAINT `subtaskstatus_ibfk_1` FOREIGN KEY (`subTaskID`) REFERENCES `subTask` (`subTaskID`) ON DELETE CASCADE,
  CONSTRAINT `subtaskstatus_ibfk_2` FOREIGN KEY (`companyStaffID`) REFERENCES `companyStaff` (`companyStaffID`) ON DELETE CASCADE,
  CONSTRAINT `subtaskstatus_ibfk_3` FOREIGN KEY (`taskStatusID`) REFERENCES `taskStatus` (`taskStatusID`) ON DELETE CASCADE,
  CONSTRAINT `subtaskstatus_ibfk_4` FOREIGN KEY (`projectSiteTaskStatusID`) REFERENCES `projectSiteTaskStatus` (`projectSiteTaskStatusID`) ON DELETE CASCADE
) ENGINE=InnoDB DEFAULT CHARSET=latin1;

LOCK TABLES `subTaskStatus` WRITE;
/*!40000 ALTER TABLE `subTaskStatus` DISABLE KEYS */;

INSERT INTO `subTaskStatus` (`subTaskStatusID`, `subTaskID`, `companyStaffID`, `taskStatusID`, `statusDate`, `dateUpdated`, `projectSiteTaskStatusID`)
VALUES
	(1,1,46,49,'2014-12-03 14:10:22','2014-12-03 14:10:22',35422),
	(2,8,46,51,'2014-12-03 14:26:23','2014-12-03 14:26:23',35423),
	(3,1,46,47,'2014-12-03 16:37:04','2014-12-03 16:37:04',35426),
	(4,9,46,47,'2014-12-03 16:37:09','2014-12-03 16:37:09',35426),
	(5,8,46,52,'2014-12-03 16:37:16','2014-12-03 16:37:16',35426),
	(6,7,46,52,'2014-12-03 16:37:24','2014-12-03 16:37:24',35426),
	(7,6,46,47,'2014-12-03 16:37:33','2014-12-03 16:37:33',35426),
	(8,5,46,52,'2014-12-03 16:37:39','2014-12-03 16:37:39',35426),
	(9,4,46,47,'2014-12-03 16:37:43','2014-12-03 16:37:43',35426),
	(10,3,46,49,'2014-12-03 16:38:08','2014-12-03 16:38:08',35426),
	(11,2,46,49,'2014-12-03 16:38:20','2014-12-03 16:38:20',35426),
	(12,10,46,48,'2014-12-03 16:38:24','2014-12-03 16:38:24',35426),
	(13,1,46,48,'2014-12-03 16:39:19','2014-12-03 16:39:19',35426),
	(14,1,46,47,'2014-12-03 16:51:15','2014-12-03 16:51:15',35428),
	(15,9,46,48,'2014-12-03 16:51:42','2014-12-03 16:51:42',35428),
	(16,8,46,47,'2014-12-03 16:51:46','2014-12-03 16:51:46',35428),
	(17,7,46,49,'2014-12-03 16:51:54','2014-12-03 16:51:54',35428),
	(18,6,46,47,'2014-12-03 16:51:59','2014-12-03 16:51:59',35428),
	(19,5,46,52,'2014-12-03 16:52:06','2014-12-03 16:52:06',35428),
	(20,4,46,51,'2014-12-03 16:52:20','2014-12-03 16:52:20',35428),
	(21,3,46,47,'2014-12-03 16:52:25','2014-12-03 16:52:25',35428),
	(22,2,46,49,'2014-12-03 16:52:31','2014-12-03 16:52:31',35428),
	(23,10,46,48,'2014-12-03 16:52:37','2014-12-03 16:52:37',35428),
	(24,18,46,49,'2014-12-03 16:56:43','2014-12-03 16:56:43',35430),
	(25,19,46,48,'2014-12-03 16:57:25','2014-12-03 16:57:25',35430),
	(26,20,46,50,'2014-12-03 16:57:30','2014-12-03 16:57:30',35430),
	(27,21,46,48,'2014-12-03 16:57:38','2014-12-03 16:57:38',35430),
	(28,22,46,50,'2014-12-03 16:57:43','2014-12-03 16:57:43',35430),
	(29,11,46,48,'2014-12-03 16:59:22','2014-12-03 16:59:22',35431),
	(30,12,46,50,'2014-12-03 16:59:28','2014-12-03 16:59:28',35431),
	(31,13,46,50,'2014-12-03 16:59:33','2014-12-03 16:59:33',35431),
	(32,14,46,51,'2014-12-03 16:59:39','2014-12-03 16:59:39',35431),
	(33,17,46,51,'2014-12-03 16:59:46','2014-12-03 16:59:46',35431),
	(34,18,46,51,'2014-12-03 17:58:58','2014-12-03 17:58:58',35434),
	(35,19,46,50,'2014-12-03 17:59:08','2014-12-03 17:59:08',35434),
	(36,20,46,48,'2014-12-03 17:59:17','2014-12-03 17:59:17',35434),
	(37,21,46,49,'2014-12-03 17:59:26','2014-12-03 17:59:26',35434),
	(38,22,46,48,'2014-12-03 17:59:31','2014-12-03 17:59:31',35434),
	(39,1,46,52,'2014-12-03 18:24:34','2014-12-03 18:24:34',35435),
	(40,1,46,51,'2014-12-03 20:01:58','2014-12-03 20:01:58',35435),
	(41,18,46,47,'2014-12-03 20:09:52','2014-12-03 20:09:52',35437),
	(42,19,46,47,'2014-12-03 20:09:56','2014-12-03 20:09:56',35437),
	(43,21,46,47,'2014-12-03 20:10:04','2014-12-03 20:10:04',35437),
	(44,20,46,47,'2014-12-03 20:10:08','2014-12-03 20:10:08',35437),
	(45,18,46,48,'2014-12-03 20:39:27','2014-12-03 20:39:27',35441),
	(46,1,46,49,'2014-12-03 20:42:48','2014-12-03 20:42:48',35443),
	(47,9,46,47,'2014-12-03 20:42:55','2014-12-03 20:42:55',35443),
	(48,8,46,47,'2014-12-03 20:43:01','2014-12-03 20:43:01',35443),
	(49,7,46,49,'2014-12-03 20:43:06','2014-12-03 20:43:06',35443),
	(50,6,46,47,'2014-12-03 20:43:09','2014-12-03 20:43:09',35443),
	(51,5,46,52,'2014-12-03 20:43:16','2014-12-03 20:43:16',35443),
	(52,4,46,49,'2014-12-03 20:43:20','2014-12-03 20:43:20',35443),
	(53,3,46,47,'2014-12-03 20:43:25','2014-12-03 20:43:25',35443),
	(54,2,46,47,'2014-12-03 20:43:30','2014-12-03 20:43:30',35443),
	(55,10,46,47,'2014-12-03 20:43:39','2014-12-03 20:43:39',35443),
	(56,18,46,47,'2014-12-03 20:49:25','2014-12-03 20:49:25',35445),
	(57,1,46,48,'2014-12-03 20:52:25','2014-12-03 20:52:25',35446),
	(58,9,46,48,'2014-12-03 20:52:30','2014-12-03 20:52:30',35446),
	(59,8,46,48,'2014-12-03 20:52:34','2014-12-03 20:52:34',35446),
	(60,7,46,49,'2014-12-03 20:52:38','2014-12-03 20:52:38',35446),
	(61,6,46,47,'2014-12-03 20:52:42','2014-12-03 20:52:42',35446),
	(62,5,46,49,'2014-12-03 20:52:48','2014-12-03 20:52:48',35446),
	(63,10,46,49,'2014-12-03 20:52:54','2014-12-03 20:52:54',35446),
	(64,2,46,49,'2014-12-03 20:52:56','2014-12-03 20:52:56',35446),
	(65,4,46,51,'2014-12-03 20:53:01','2014-12-03 20:53:01',35446),
	(66,1,46,47,'2014-12-03 21:01:12','2014-12-03 21:01:12',35448),
	(67,9,46,47,'2014-12-03 21:01:17','2014-12-03 21:01:17',35448),
	(68,8,46,47,'2014-12-03 21:01:21','2014-12-03 21:01:21',35448),
	(69,7,46,47,'2014-12-03 21:01:24','2014-12-03 21:01:24',35448),
	(70,6,46,47,'2014-12-03 21:01:28','2014-12-03 21:01:28',35448),
	(71,5,46,47,'2014-12-03 21:01:31','2014-12-03 21:01:31',35448),
	(72,4,46,47,'2014-12-03 21:01:34','2014-12-03 21:01:34',35448),
	(73,3,46,47,'2014-12-03 21:01:38','2014-12-03 21:01:38',35448),
	(74,2,46,47,'2014-12-03 21:01:42','2014-12-03 21:01:42',35448),
	(75,10,46,47,'2014-12-03 21:01:46','2014-12-03 21:01:46',35448),
	(76,1,46,49,'2014-12-03 21:43:13','2014-12-03 21:43:13',35450),
	(77,9,46,47,'2014-12-03 21:44:54','2014-12-03 21:44:54',35450),
	(78,1,46,49,'2014-12-03 21:47:57','2014-12-03 21:47:57',35452),
	(79,9,46,49,'2014-12-03 21:48:02','2014-12-03 21:48:02',35452),
	(80,8,46,49,'2014-12-03 21:48:06','2014-12-03 21:48:06',35452),
	(81,7,46,49,'2014-12-03 21:48:10','2014-12-03 21:48:10',35452),
	(82,6,46,50,'2014-12-03 21:48:14','2014-12-03 21:48:14',35452),
	(83,5,46,50,'2014-12-03 21:48:18','2014-12-03 21:48:18',35452),
	(84,4,46,50,'2014-12-03 21:48:22','2014-12-03 21:48:22',35452),
	(85,3,46,50,'2014-12-03 21:48:26','2014-12-03 21:48:26',35452),
	(86,2,46,50,'2014-12-03 21:48:29','2014-12-03 21:48:29',35452),
	(87,10,46,50,'2014-12-03 21:48:33','2014-12-03 21:48:33',35452),
	(88,1,46,52,'2014-12-04 00:37:57','2014-12-04 00:37:57',35453),
	(89,9,46,48,'2014-12-04 00:38:02','2014-12-04 00:38:02',35453),
	(90,8,46,51,'2014-12-04 00:39:12','2014-12-04 00:39:12',35453),
	(91,7,46,48,'2014-12-04 00:39:16','2014-12-04 00:39:16',35453),
	(92,7,46,51,'2014-12-04 00:39:20','2014-12-04 00:39:20',35453),
	(93,6,46,51,'2014-12-04 00:39:27','2014-12-04 00:39:27',35453),
	(94,5,46,49,'2014-12-04 00:39:31','2014-12-04 00:39:31',35453),
	(95,4,46,47,'2014-12-04 00:39:36','2014-12-04 00:39:36',35453),
	(96,18,46,49,'2014-12-04 00:42:47','2014-12-04 00:42:47',35455),
	(97,19,46,49,'2014-12-04 00:42:51','2014-12-04 00:42:51',35455),
	(98,20,46,49,'2014-12-04 00:42:54','2014-12-04 00:42:54',35455),
	(99,21,46,51,'2014-12-04 00:42:58','2014-12-04 00:42:58',35455);

INSERT INTO `subTaskStatus` (`subTaskStatusID`, `subTaskID`, `companyStaffID`, `taskStatusID`, `statusDate`, `dateUpdated`, `projectSiteTaskStatusID`)
VALUES
	(100,22,46,49,'2014-12-04 00:43:03','2014-12-04 00:43:03',35455),
	(101,6,46,48,'2014-12-04 00:43:53','2014-12-04 00:43:53',35456),
	(102,6,46,48,'2014-12-04 00:43:59','2014-12-04 00:43:59',35456),
	(103,7,46,49,'2014-12-04 00:44:05','2014-12-04 00:44:05',35456),
	(104,7,46,49,'2014-12-04 00:44:09','2014-12-04 00:44:09',35456),
	(105,7,46,49,'2014-12-04 00:44:09','2014-12-04 00:44:09',35456),
	(106,8,46,52,'2014-12-04 00:44:16','2014-12-04 00:44:16',35456),
	(107,9,46,50,'2014-12-04 00:44:21','2014-12-04 00:44:21',35456),
	(108,1,46,49,'2014-12-04 00:44:26','2014-12-04 00:44:26',35456),
	(109,18,46,49,'2014-12-04 00:47:27','2014-12-04 00:47:27',35457),
	(110,19,46,48,'2014-12-04 00:47:31','2014-12-04 00:47:31',35457),
	(111,20,46,49,'2014-12-04 00:47:35','2014-12-04 00:47:35',35457),
	(112,21,46,48,'2014-12-04 00:47:40','2014-12-04 00:47:40',35457),
	(113,22,46,50,'2014-12-04 00:47:45','2014-12-04 00:47:45',35457),
	(114,18,46,48,'2014-12-04 00:54:31','2014-12-04 00:54:31',35458),
	(115,19,46,48,'2014-12-04 00:54:35','2014-12-04 00:54:35',35458),
	(116,20,46,50,'2014-12-04 00:54:39','2014-12-04 00:54:39',35458),
	(117,21,46,50,'2014-12-04 00:54:43','2014-12-04 00:54:43',35458),
	(118,22,46,50,'2014-12-04 00:54:53','2014-12-04 00:54:53',35458),
	(119,15,46,51,'2014-12-04 01:04:31','2014-12-04 01:04:31',35461),
	(120,16,46,49,'2014-12-04 01:04:36','2014-12-04 01:04:36',35461),
	(121,18,46,47,'2014-12-04 03:17:44','2014-12-04 03:17:44',35464),
	(122,19,46,48,'2014-12-04 03:17:49','2014-12-04 03:17:49',35464),
	(123,20,46,48,'2014-12-04 03:17:53','2014-12-04 03:17:53',35464),
	(124,21,46,48,'2014-12-04 03:17:59','2014-12-04 03:17:59',35464),
	(125,22,46,50,'2014-12-04 03:18:03','2014-12-04 03:18:03',35464),
	(126,1,46,49,'2014-12-04 03:18:47','2014-12-04 03:18:47',35466),
	(127,9,46,49,'2014-12-04 03:18:54','2014-12-04 03:18:54',35466),
	(128,8,46,51,'2014-12-04 03:18:59','2014-12-04 03:18:59',35466),
	(129,7,46,51,'2014-12-04 03:19:04','2014-12-04 03:19:04',35466),
	(130,6,46,47,'2014-12-04 03:19:08','2014-12-04 03:19:08',35466),
	(131,5,46,51,'2014-12-04 03:19:13','2014-12-04 03:19:13',35466),
	(132,4,46,47,'2014-12-04 03:19:17','2014-12-04 03:19:17',35466),
	(133,3,46,50,'2014-12-04 03:19:21','2014-12-04 03:19:21',35466),
	(134,2,46,50,'2014-12-04 03:19:24','2014-12-04 03:19:24',35466),
	(135,10,46,50,'2014-12-04 03:19:28','2014-12-04 03:19:28',35466),
	(136,7,46,49,'2014-12-04 06:00:02','2014-12-04 06:00:02',35467),
	(137,6,46,47,'2014-12-04 06:00:08','2014-12-04 06:00:08',35467),
	(138,5,46,52,'2014-12-04 06:00:15','2014-12-04 06:00:15',35467),
	(139,4,46,52,'2014-12-04 06:00:20','2014-12-04 06:00:20',35467),
	(140,1,46,47,'2014-12-04 06:00:39','2014-12-04 06:00:39',35467),
	(141,1,46,50,'2014-12-04 15:51:23','2014-12-04 15:51:23',35489),
	(142,1,46,49,'2014-12-04 15:56:10','2014-12-04 15:56:10',35493),
	(143,9,46,49,'2014-12-04 15:56:19','2014-12-04 15:56:19',35493),
	(144,8,46,51,'2014-12-04 15:56:24','2014-12-04 15:56:24',35493),
	(145,7,46,48,'2014-12-04 15:56:32','2014-12-04 15:56:32',35493),
	(146,6,46,52,'2014-12-04 15:56:36','2014-12-04 15:56:36',35493),
	(147,4,46,50,'2014-12-04 15:56:41','2014-12-04 15:56:41',35493),
	(148,3,46,50,'2014-12-04 15:56:46','2014-12-04 15:56:46',35493),
	(149,18,46,48,'2014-12-04 19:35:49','2014-12-04 19:35:49',35503),
	(150,19,46,50,'2014-12-04 19:35:55','2014-12-04 19:35:55',35503),
	(151,20,46,50,'2014-12-04 19:36:00','2014-12-04 19:36:00',35503),
	(152,21,46,50,'2014-12-04 19:36:07','2014-12-04 19:36:07',35503),
	(153,22,46,50,'2014-12-04 19:36:11','2014-12-04 19:36:11',35503),
	(154,18,46,48,'2014-12-04 19:40:00','2014-12-04 19:40:00',35504),
	(155,19,46,48,'2014-12-04 19:40:07','2014-12-04 19:40:07',35504),
	(156,20,46,48,'2014-12-04 19:40:14','2014-12-04 19:40:14',35504),
	(157,21,46,51,'2014-12-04 19:40:17','2014-12-04 19:40:17',35504),
	(158,22,46,51,'2014-12-04 19:40:23','2014-12-04 19:40:23',35504),
	(159,18,46,47,'2014-12-04 20:06:22','2014-12-04 20:06:22',35509),
	(160,19,46,47,'2014-12-04 20:06:26','2014-12-04 20:06:26',35509),
	(161,20,46,47,'2014-12-04 20:06:31','2014-12-04 20:06:31',35509),
	(162,21,46,47,'2014-12-04 20:06:35','2014-12-04 20:06:35',35509),
	(163,22,46,51,'2014-12-04 20:06:43','2014-12-04 20:06:43',35509),
	(164,18,46,47,'2014-12-04 20:18:12','2014-12-04 20:18:12',35514),
	(165,19,46,47,'2014-12-04 20:18:17','2014-12-04 20:18:17',35514),
	(166,20,46,47,'2014-12-04 20:18:21','2014-12-04 20:18:21',35514),
	(167,21,46,47,'2014-12-04 20:18:25','2014-12-04 20:18:25',35514),
	(168,22,46,48,'2014-12-04 20:18:31','2014-12-04 20:18:31',35514),
	(169,11,46,48,'2014-12-04 20:20:21','2014-12-04 20:20:21',35517),
	(170,12,46,52,'2014-12-04 20:20:25','2014-12-04 20:20:25',35517),
	(171,13,46,48,'2014-12-04 20:20:29','2014-12-04 20:20:29',35517),
	(172,14,46,51,'2014-12-04 20:20:34','2014-12-04 20:20:34',35517),
	(173,17,46,51,'2014-12-04 20:20:39','2014-12-04 20:20:39',35517),
	(174,11,46,47,'2014-12-04 20:20:46','2014-12-04 20:20:46',35517),
	(175,11,46,47,'2014-12-04 20:21:25','2014-12-04 20:21:25',35518),
	(176,12,46,47,'2014-12-04 20:21:30','2014-12-04 20:21:30',35518),
	(177,13,46,47,'2014-12-04 20:21:36','2014-12-04 20:21:36',35518),
	(178,14,46,47,'2014-12-04 20:21:41','2014-12-04 20:21:41',35518),
	(179,17,46,50,'2014-12-04 20:21:47','2014-12-04 20:21:47',35518),
	(180,18,46,47,'2014-12-04 20:30:09','2014-12-04 20:30:09',35521),
	(181,19,46,47,'2014-12-04 20:30:14','2014-12-04 20:30:14',35521),
	(182,20,46,47,'2014-12-04 20:30:18','2014-12-04 20:30:18',35521),
	(183,21,46,47,'2014-12-04 20:30:23','2014-12-04 20:30:23',35521),
	(184,22,46,47,'2014-12-04 20:30:27','2014-12-04 20:30:27',35521),
	(185,18,46,51,'2014-12-04 20:38:14','2014-12-04 20:38:14',35521),
	(186,18,46,47,'2014-12-04 20:38:27','2014-12-04 20:38:27',35521),
	(187,18,46,47,'2014-12-04 20:42:00','2014-12-04 20:42:00',35522),
	(188,19,46,47,'2014-12-04 20:42:05','2014-12-04 20:42:05',35522),
	(189,18,46,49,'2014-12-04 20:42:41','2014-12-04 20:42:41',35523),
	(190,19,46,49,'2014-12-04 20:42:46','2014-12-04 20:42:46',35523),
	(191,20,46,49,'2014-12-04 20:42:51','2014-12-04 20:42:51',35523),
	(192,21,46,50,'2014-12-04 20:42:57','2014-12-04 20:42:57',35523),
	(193,22,46,51,'2014-12-04 20:43:01','2014-12-04 20:43:01',35523),
	(194,1,46,47,'2014-12-04 20:48:45','2014-12-04 20:48:45',35524),
	(195,9,46,49,'2014-12-04 20:48:50','2014-12-04 20:48:50',35524),
	(196,8,46,51,'2014-12-04 20:48:53','2014-12-04 20:48:53',35524),
	(197,7,46,47,'2014-12-04 20:48:57','2014-12-04 20:48:57',35524),
	(198,6,46,50,'2014-12-04 20:49:03','2014-12-04 20:49:03',35524),
	(199,5,46,52,'2014-12-04 20:49:08','2014-12-04 20:49:08',35524);

INSERT INTO `subTaskStatus` (`subTaskStatusID`, `subTaskID`, `companyStaffID`, `taskStatusID`, `statusDate`, `dateUpdated`, `projectSiteTaskStatusID`)
VALUES
	(200,4,46,52,'2014-12-04 20:49:11','2014-12-04 20:49:11',35524),
	(201,3,46,50,'2014-12-04 20:49:16','2014-12-04 20:49:16',35524),
	(202,2,46,50,'2014-12-04 20:49:19','2014-12-04 20:49:19',35524),
	(203,10,46,50,'2014-12-04 20:49:23','2014-12-04 20:49:23',35524),
	(204,1,46,47,'2014-12-04 20:54:35','2014-12-04 20:54:35',35525),
	(205,9,46,47,'2014-12-04 20:54:40','2014-12-04 20:54:40',35525),
	(206,8,46,48,'2014-12-04 20:54:44','2014-12-04 20:54:44',35525),
	(207,7,46,48,'2014-12-04 20:54:49','2014-12-04 20:54:49',35525),
	(208,6,46,47,'2014-12-04 20:54:53','2014-12-04 20:54:53',35525),
	(209,5,46,52,'2014-12-04 20:55:00','2014-12-04 20:55:00',35525),
	(210,4,46,50,'2014-12-04 20:55:04','2014-12-04 20:55:04',35525),
	(211,3,46,47,'2014-12-04 20:55:09','2014-12-04 20:55:09',35525),
	(212,2,46,47,'2014-12-04 20:55:13','2014-12-04 20:55:13',35525),
	(213,10,46,47,'2014-12-04 20:55:18','2014-12-04 20:55:18',35525),
	(214,18,46,51,'2014-12-04 21:46:06','2014-12-04 21:46:06',35526),
	(215,19,46,47,'2014-12-04 21:46:10','2014-12-04 21:46:10',35526),
	(216,20,46,47,'2014-12-04 21:46:17','2014-12-04 21:46:17',35526),
	(217,1,46,47,'2014-12-04 21:49:16','2014-12-04 21:49:16',35527),
	(218,9,46,47,'2014-12-04 21:49:20','2014-12-04 21:49:20',35527),
	(219,8,46,47,'2014-12-04 21:49:23','2014-12-04 21:49:23',35527),
	(220,7,46,47,'2014-12-04 21:49:26','2014-12-04 21:49:26',35527),
	(221,6,46,47,'2014-12-04 21:49:29','2014-12-04 21:49:29',35527),
	(222,5,46,47,'2014-12-04 21:49:32','2014-12-04 21:49:32',35527),
	(223,4,46,47,'2014-12-04 21:49:36','2014-12-04 21:49:36',35527),
	(224,3,46,47,'2014-12-04 21:49:39','2014-12-04 21:49:39',35527),
	(225,2,46,47,'2014-12-04 21:49:42','2014-12-04 21:49:42',35527),
	(226,10,46,47,'2014-12-04 21:49:46','2014-12-04 21:49:46',35527),
	(227,11,46,47,'2014-12-04 21:51:01','2014-12-04 21:51:01',35528),
	(228,12,46,47,'2014-12-04 21:51:04','2014-12-04 21:51:04',35528),
	(229,13,46,47,'2014-12-04 21:51:08','2014-12-04 21:51:08',35528),
	(230,14,46,47,'2014-12-04 21:51:11','2014-12-04 21:51:11',35528),
	(231,17,46,47,'2014-12-04 21:51:15','2014-12-04 21:51:15',35528),
	(232,17,46,49,'2014-12-04 21:51:18','2014-12-04 21:51:18',35528),
	(233,1,46,48,'2014-12-04 22:04:50','2014-12-04 22:04:50',35529),
	(234,9,46,48,'2014-12-04 22:04:54','2014-12-04 22:04:54',35529),
	(235,8,46,51,'2014-12-04 22:04:57','2014-12-04 22:04:57',35529),
	(236,7,46,48,'2014-12-04 22:05:01','2014-12-04 22:05:01',35529),
	(237,6,46,48,'2014-12-04 22:05:05','2014-12-04 22:05:05',35529),
	(238,5,46,48,'2014-12-04 22:05:09','2014-12-04 22:05:09',35529),
	(239,4,46,48,'2014-12-04 22:05:12','2014-12-04 22:05:12',35529),
	(240,3,46,48,'2014-12-04 22:05:15','2014-12-04 22:05:15',35529),
	(241,2,46,48,'2014-12-04 22:05:18','2014-12-04 22:05:18',35529),
	(242,10,46,52,'2014-12-04 22:05:23','2014-12-04 22:05:23',35529),
	(243,1,46,47,'2014-12-04 22:33:21','2014-12-04 22:33:21',35530),
	(244,9,46,47,'2014-12-04 22:33:25','2014-12-04 22:33:25',35530),
	(245,8,46,47,'2014-12-04 22:33:27','2014-12-04 22:33:27',35530),
	(246,7,46,47,'2014-12-04 22:33:31','2014-12-04 22:33:31',35530),
	(247,6,46,47,'2014-12-04 22:33:34','2014-12-04 22:33:34',35530),
	(248,5,46,47,'2014-12-04 22:33:37','2014-12-04 22:33:37',35530),
	(249,4,46,47,'2014-12-04 22:33:40','2014-12-04 22:33:40',35530),
	(250,3,46,47,'2014-12-04 22:33:44','2014-12-04 22:33:44',35530),
	(251,2,46,47,'2014-12-04 22:33:48','2014-12-04 22:33:48',35530),
	(252,10,46,47,'2014-12-04 22:33:52','2014-12-04 22:33:52',35530),
	(253,18,46,47,'2014-12-04 22:35:35','2014-12-04 22:35:35',35532),
	(254,19,46,47,'2014-12-04 22:35:38','2014-12-04 22:35:38',35532),
	(255,20,46,47,'2014-12-04 22:35:42','2014-12-04 22:35:42',35532),
	(256,20,46,47,'2014-12-04 22:35:44','2014-12-04 22:35:44',35532),
	(257,20,46,47,'2014-12-04 22:35:46','2014-12-04 22:35:46',35532),
	(258,21,46,47,'2014-12-04 22:35:50','2014-12-04 22:35:50',35532),
	(259,22,46,47,'2014-12-04 22:35:54','2014-12-04 22:35:54',35532),
	(260,1,46,49,'2014-12-04 22:51:48','2014-12-04 22:51:48',35534),
	(261,18,46,48,'2014-12-04 22:54:17','2014-12-04 22:54:17',35536),
	(262,19,46,48,'2014-12-04 22:54:21','2014-12-04 22:54:21',35536),
	(263,20,46,48,'2014-12-04 22:54:25','2014-12-04 22:54:25',35536),
	(264,21,46,48,'2014-12-04 22:54:29','2014-12-04 22:54:29',35536),
	(265,22,46,51,'2014-12-04 22:54:37','2014-12-04 22:54:37',35536),
	(266,1,46,49,'2014-12-04 22:58:02','2014-12-04 22:58:02',35537),
	(267,9,46,49,'2014-12-04 22:58:06','2014-12-04 22:58:06',35537),
	(268,8,46,51,'2014-12-04 22:58:14','2014-12-04 22:58:14',35537),
	(269,18,46,48,'2014-12-05 00:16:01','2014-12-05 00:16:01',35538),
	(270,18,46,49,'2014-12-05 02:07:16','2014-12-05 02:07:16',35540),
	(271,19,46,49,'2014-12-05 02:07:21','2014-12-05 02:07:21',35540),
	(272,18,46,48,'2014-12-05 02:25:38','2014-12-05 02:25:38',35543),
	(273,1,46,51,'2014-12-05 02:51:16','2014-12-05 02:51:16',35545),
	(274,9,46,49,'2014-12-05 02:51:21','2014-12-05 02:51:21',35545),
	(275,1,46,47,'2014-12-05 15:06:26','2014-12-05 15:06:26',35547),
	(276,9,46,47,'2014-12-05 15:06:30','2014-12-05 15:06:30',35547),
	(277,8,46,47,'2014-12-05 15:06:34','2014-12-05 15:06:34',35547),
	(278,7,46,47,'2014-12-05 15:06:39','2014-12-05 15:06:39',35547),
	(279,18,46,47,'2014-12-05 15:08:33','2014-12-05 15:08:33',35549),
	(280,19,46,47,'2014-12-05 15:08:38','2014-12-05 15:08:38',35549),
	(281,23,52,51,'2014-12-07 07:55:19','2014-12-07 07:55:19',35554),
	(282,11,52,52,'2014-12-07 22:06:40','2014-12-07 22:06:40',35556),
	(283,11,52,48,'2014-12-07 22:06:52','2014-12-07 22:06:52',35556),
	(284,12,52,51,'2014-12-07 22:06:58','2014-12-07 22:06:58',35556),
	(285,13,52,50,'2014-12-07 22:07:03','2014-12-07 22:07:03',35556),
	(286,14,52,50,'2014-12-07 22:07:07','2014-12-07 22:07:07',35556),
	(287,17,52,51,'2014-12-07 22:07:12','2014-12-07 22:07:12',35556),
	(288,1,52,51,'2014-12-07 22:24:12','2014-12-07 22:24:12',35559),
	(289,9,52,50,'2014-12-07 22:24:16','2014-12-07 22:24:16',35559),
	(290,8,52,50,'2014-12-07 22:24:19','2014-12-07 22:24:19',35559),
	(291,7,52,50,'2014-12-07 22:24:23','2014-12-07 22:24:23',35559),
	(292,6,52,50,'2014-12-07 22:24:26','2014-12-07 22:24:26',35559),
	(293,5,52,50,'2014-12-07 22:24:29','2014-12-07 22:24:29',35559),
	(294,4,52,50,'2014-12-07 22:24:33','2014-12-07 22:24:33',35559),
	(295,3,52,50,'2014-12-07 22:24:36','2014-12-07 22:24:36',35559),
	(296,2,52,50,'2014-12-07 22:24:39','2014-12-07 22:24:39',35559),
	(297,10,52,50,'2014-12-07 22:24:43','2014-12-07 22:24:43',35559),
	(298,23,52,50,'2014-12-07 22:27:48','2014-12-07 22:27:48',35560),
	(299,24,52,50,'2014-12-07 22:27:54','2014-12-07 22:27:54',35560);

INSERT INTO `subTaskStatus` (`subTaskStatusID`, `subTaskID`, `companyStaffID`, `taskStatusID`, `statusDate`, `dateUpdated`, `projectSiteTaskStatusID`)
VALUES
	(300,11,52,47,'2014-12-07 22:47:31','2014-12-07 22:47:31',35561),
	(301,12,52,47,'2014-12-07 22:47:36','2014-12-07 22:47:36',35561),
	(302,13,52,47,'2014-12-07 22:47:40','2014-12-07 22:47:40',35561),
	(303,14,52,47,'2014-12-07 22:47:44','2014-12-07 22:47:44',35561),
	(304,17,52,51,'2014-12-07 22:47:49','2014-12-07 22:47:49',35561),
	(305,1,52,50,'2014-12-07 22:50:38','2014-12-07 22:50:38',35563),
	(306,9,52,50,'2014-12-07 22:50:42','2014-12-07 22:50:42',35563),
	(307,8,52,50,'2014-12-07 22:50:47','2014-12-07 22:50:47',35563),
	(308,11,52,47,'2014-12-07 22:52:48','2014-12-07 22:52:48',35564),
	(309,12,52,47,'2014-12-07 22:52:52','2014-12-07 22:52:52',35564),
	(310,13,52,47,'2014-12-07 22:52:56','2014-12-07 22:52:56',35564),
	(311,14,52,47,'2014-12-07 22:53:00','2014-12-07 22:53:00',35564),
	(312,17,52,47,'2014-12-07 22:53:04','2014-12-07 22:53:04',35564),
	(313,11,52,49,'2014-12-07 22:53:59','2014-12-07 22:53:59',35565),
	(314,12,52,50,'2014-12-07 22:54:04','2014-12-07 22:54:04',35565),
	(315,13,52,50,'2014-12-07 22:54:07','2014-12-07 22:54:07',35565),
	(316,14,52,50,'2014-12-07 22:54:11','2014-12-07 22:54:11',35565),
	(317,17,52,50,'2014-12-07 22:54:15','2014-12-07 22:54:15',35565),
	(318,23,52,51,'2014-12-08 00:24:18','2014-12-08 00:24:18',35568),
	(319,24,52,49,'2014-12-08 00:24:21','2014-12-08 00:24:21',35568),
	(320,23,52,47,'2014-12-08 00:47:33','2014-12-08 00:47:33',35573),
	(321,24,52,47,'2014-12-08 00:47:36','2014-12-08 00:47:36',35573),
	(322,23,52,51,'2014-12-08 00:53:24','2014-12-08 00:53:24',35574),
	(323,23,52,47,'2014-12-08 04:07:12','2014-12-08 04:07:12',35599),
	(324,11,52,51,'2014-12-08 04:30:35','2014-12-08 04:30:35',35609),
	(325,11,52,47,'2014-12-08 04:37:04','2014-12-08 04:37:04',35612),
	(326,23,52,49,'2014-12-08 04:46:35','2014-12-08 04:46:35',35614),
	(327,15,52,47,'2014-12-08 04:47:05','2014-12-08 04:47:05',35615),
	(328,23,52,47,'2014-12-08 04:47:41','2014-12-08 04:47:41',35617),
	(329,15,52,51,'2014-12-08 04:48:14','2014-12-08 04:48:14',35618),
	(330,11,52,49,'2014-12-08 04:50:02','2014-12-08 04:50:02',35619),
	(331,18,52,49,'2014-12-08 04:51:06','2014-12-08 04:51:06',35620),
	(332,19,52,49,'2014-12-08 04:51:10','2014-12-08 04:51:10',35620),
	(333,20,52,49,'2014-12-08 04:51:13','2014-12-08 04:51:13',35620),
	(334,23,52,47,'2014-12-08 04:54:02','2014-12-08 04:54:02',35622);

/*!40000 ALTER TABLE `subTaskStatus` ENABLE KEYS */;
UNLOCK TABLES;


# Dump of table task
# ------------------------------------------------------------

DROP TABLE IF EXISTS `task`;

CREATE TABLE `task` (
  `taskID` int(10) unsigned NOT NULL AUTO_INCREMENT,
  `companyID` int(10) unsigned NOT NULL,
  `taskName` varchar(255) NOT NULL,
  `taskNumber` int(11) NOT NULL,
  `description` text,
  PRIMARY KEY (`taskID`),
  KEY `companyID` (`companyID`),
  CONSTRAINT `task_ibfk_1` FOREIGN KEY (`companyID`) REFERENCES `company` (`companyID`) ON DELETE CASCADE
) ENGINE=InnoDB DEFAULT CHARSET=latin1;

LOCK TABLES `task` WRITE;
/*!40000 ALTER TABLE `task` DISABLE KEYS */;

INSERT INTO `task` (`taskID`, `companyID`, `taskName`, `taskNumber`, `description`)
VALUES
	(41,24,'P5.0 Site Preparation',1,'Description of Task #5'),
	(42,24,'P5.1 Foundation',2,'Description of Task #1'),
	(43,24,'P5.2 Wallplate',3,'Description of Task #2'),
	(44,24,'P5.3 Completion',4,'Description of Task #3'),
	(45,24,'P5.4 Site Cleanup',5,'Description of Task #4'),
	(46,24,'P5.6 Site Handover',6,NULL),
	(47,24,'Testing Task and Price',8,NULL),
	(48,24,'Happy Task P5.1 7866',9,NULL);

/*!40000 ALTER TABLE `task` ENABLE KEYS */;
UNLOCK TABLES;


# Dump of table taskPrice
# ------------------------------------------------------------

DROP TABLE IF EXISTS `taskPrice`;

CREATE TABLE `taskPrice` (
  `taskPriceID` int(11) unsigned NOT NULL AUTO_INCREMENT,
  `taskID` int(11) unsigned NOT NULL,
  `startDate` datetime NOT NULL,
  `endDate` datetime DEFAULT NULL,
  `price` double NOT NULL,
  `projectID` int(11) unsigned DEFAULT NULL,
  PRIMARY KEY (`taskPriceID`),
  KEY `taskID` (`taskID`),
  KEY `projectID` (`projectID`),
  CONSTRAINT `taskprice_ibfk_1` FOREIGN KEY (`taskID`) REFERENCES `task` (`taskID`) ON DELETE CASCADE,
  CONSTRAINT `taskprice_ibfk_2` FOREIGN KEY (`projectID`) REFERENCES `project` (`projectID`) ON DELETE CASCADE
) ENGINE=InnoDB DEFAULT CHARSET=latin1;

LOCK TABLES `taskPrice` WRITE;
/*!40000 ALTER TABLE `taskPrice` DISABLE KEYS */;

INSERT INTO `taskPrice` (`taskPriceID`, `taskID`, `startDate`, `endDate`, `price`, `projectID`)
VALUES
	(1,45,'2014-12-02 19:26:50',NULL,5000.99,NULL),
	(2,47,'2014-12-02 19:48:47',NULL,580000.85,NULL),
	(3,48,'2014-12-02 19:49:47',NULL,698580.77,NULL),
	(4,46,'2014-12-02 19:58:56',NULL,8800,NULL),
	(5,42,'2014-12-02 20:00:04',NULL,15800,NULL),
	(6,41,'2014-12-02 20:00:33',NULL,2500,NULL),
	(7,43,'2014-12-02 20:01:04',NULL,37500,NULL),
	(8,44,'2014-12-02 20:01:31',NULL,72500,NULL),
	(9,48,'2014-12-02 20:41:37',NULL,125.99,NULL),
	(10,47,'2014-12-02 20:42:24',NULL,63258.85,NULL),
	(11,47,'2014-12-02 20:44:18',NULL,6325.85,NULL),
	(12,42,'2014-12-07 04:05:47',NULL,15800,NULL);

/*!40000 ALTER TABLE `taskPrice` ENABLE KEYS */;
UNLOCK TABLES;


# Dump of table taskStatus
# ------------------------------------------------------------

DROP TABLE IF EXISTS `taskStatus`;

CREATE TABLE `taskStatus` (
  `taskStatusID` int(10) unsigned NOT NULL AUTO_INCREMENT,
  `companyID` int(10) unsigned NOT NULL,
  `taskStatusName` varchar(100) NOT NULL,
  `statusColor` tinyint(4) unsigned DEFAULT NULL,
  PRIMARY KEY (`taskStatusID`),
  UNIQUE KEY `companyID_2` (`companyID`,`taskStatusName`),
  KEY `companyID` (`companyID`),
  CONSTRAINT `taskstatus_ibfk_1` FOREIGN KEY (`companyID`) REFERENCES `company` (`companyID`) ON DELETE CASCADE
) ENGINE=InnoDB DEFAULT CHARSET=latin1;

LOCK TABLES `taskStatus` WRITE;
/*!40000 ALTER TABLE `taskStatus` DISABLE KEYS */;

INSERT INTO `taskStatus` (`taskStatusID`, `companyID`, `taskStatusName`, `statusColor`)
VALUES
	(1,1,'Incomplete',2),
	(2,1,'Completed',1),
	(3,1,'Aborted',3),
	(4,1,'Cancelled',3),
	(5,1,'Delayed - Staff',3),
	(6,1,'Delayed - No Materials',2),
	(47,24,'Completed',1),
	(48,24,'Delayed - Weather',2),
	(49,24,'Delayed - Materials',3),
	(50,24,'Not started yet',2),
	(51,24,'Delayed - Staff or Strike',3),
	(52,24,'No material available',3);

/*!40000 ALTER TABLE `taskStatus` ENABLE KEYS */;
UNLOCK TABLES;



/*!40111 SET SQL_NOTES=@OLD_SQL_NOTES */;
/*!40101 SET SQL_MODE=@OLD_SQL_MODE */;
/*!40014 SET FOREIGN_KEY_CHECKS=@OLD_FOREIGN_KEY_CHECKS */;
/*!40101 SET CHARACTER_SET_CLIENT=@OLD_CHARACTER_SET_CLIENT */;
/*!40101 SET CHARACTER_SET_RESULTS=@OLD_CHARACTER_SET_RESULTS */;
/*!40101 SET COLLATION_CONNECTION=@OLD_COLLATION_CONNECTION */;
